CONSTITUENCY,STOP_COUNT,STOP_COUNT_UNIQUE,AREA,DENSITY,DENSITY_UNIQUE,DENSITY*10000,DENSITY_UNIQUE*100000,living population,working population,working population ratio (),employed population (by 18 districts),building number,building number (by 18 districts),estimated employed population,empolyed population ratio (),median monthly income (18 district)
Central,3406,432,8299264.499,0.000410398,5.20528e-05,4.10397813,5.205280541,110720,55452.0,1.5,312562,6706,8770,239001,8.73,42600
Chai Wan,1483,185,9201905.88,0.000161162,2.01045e-05,1.611622657,2.010453078,168675,84793.0,2.3,187155,1280,4024,59532,2.17,33800
Hong Wan,1508,147,5131674.172,0.000293861,2.86456e-05,2.938612136,2.864562228,187331,78902.0,2.14,187155,1332,4024,61951,2.26,33800
Islands,4309,252,182280000.0,2.36395e-05,1.38249e-06,0.236394558,0.138248848,185282,93368.0,2.53,91950,20858,20858,91950,3.36,31500
Kowloon City North,2184,369,6927610.313,0.00031526,5.32651e-05,3.15260227,5.326512077,200330,107366.0,2.91,218316,3726,5735,141839,5.18,30700
Kowloon City South,1256,245,3082389.687,0.000407476,7.94838e-05,4.074760584,7.948378527,210304,96598.0,2.62,218316,2009,5735,76477,2.79,30700
Kwai Chung East,1199,144,5774688.358,0.00020763,2.49364e-05,2.076302522,2.49364106,161785,62396.0,1.69,161192,2259,5671,64210,2.34,26000
Kwai Chung West,1079,187,7109884.208,0.000151761,2.63014e-05,1.517605587,2.630141287,154432,86916.0,2.35,161192,1358,5671,38600,1.41,26000
Kwun Tong Central,1827,225,3044793.15,0.000600041,7.38966e-05,6.000407614,7.389664549,170206,106392.0,2.88,326448,1421,4462,103963,3.8,24000
Kwun Tong North,1022,168,2334159.008,0.000437845,7.19745e-05,4.378450639,7.197453105,164725,58119.0,1.57,326448,434,4462,31752,1.16,24000
Kwun Tong Southeast,942,117,3181450.074,0.000296091,3.67757e-05,2.96091398,3.677568319,163357,92725.0,2.51,326448,1534,4462,112230,4.1,24000
Kwun Tong West,1513,204,2719597.768,0.000556332,7.50111e-05,5.5633227,7.501109259,174878,55701.0,1.51,326448,1073,4462,78503,2.87,24000
Robin's Nest,1291,216,114630251.8,1.12623e-05,1.88432e-06,0.112622975,0.188431934,159163,52758.0,1.43,49775,36746,51749,35344,1.29,25500
Sai Kung and Hang Hau,1722,307,129680000.0,1.32788e-05,2.36737e-06,0.132788402,0.236736582,157505,75963.0,2.06,69889,22406,23585,66395,2.42,40400
Sha Tin East,1790,208,24843458.54,7.20512e-05,8.37243e-06,0.720511597,0.837242527,169545,70694.25,1.91,140970,3266,14672,31380,1.15,30500
Sha Tin North,1053,129,2824329.844,0.000372832,4.56746e-05,3.728318072,4.567455188,172770,105017.0,2.84,140970,1312,14672,12606,0.46,30500
Sha Tin South,1099,152,9545575.388,0.000115132,1.59236e-05,1.151318758,1.592360794,171916,58856.75,1.59,140970,2705,14672,25990,0.95,30500
Sha Tin West,1612,207,31506636.23,5.11638e-05,6.57004e-06,0.511638243,0.657004443,178575,106037.0,2.87,140970,7389,14672,70994,2.59,30500
Sham Shui Po East,1569,235,4642605.795,0.000337957,5.06181e-05,3.379567573,5.061812491,212957,126435.0,3.42,176613,2477,4093,106883,3.9,24100
Sham Shui Po West,1507,179,4717394.205,0.000319456,3.79447e-05,3.194560248,3.794467713,218133,77638.0,2.1,176613,1616,4093,69730,2.55,24100
Southern District Northwest,1801,220,5182184.495,0.000347537,4.24531e-05,3.475368354,4.245313925,128849,67695.0,1.83,66166,2855,11463,16479,0.6,36000
Southern District Southeast,2667,249,33657815.5,7.92387e-05,7.39798e-06,0.792386541,0.739798458,134429,68061.0,1.84,66166,8608,11463,49687,1.81,36000
Tai Pak,1821,178,3656419.948,0.000498028,4.86815e-05,4.98028133,4.868149789,173597,106141.0,2.87,187155,1412,4024,65672,2.4,33800
Tai Po North,1367,236,94726850.56,1.4431e-05,2.49137e-06,0.144309664,0.249137387,157446,125595.0,3.4,61098,16400,30939,32387,1.18,31700
Tai Po South,1413,187,41403149.44,3.41278e-05,4.51656e-06,0.341278386,0.451656462,159024,32241.0,0.87,61098,14539,30939,28711,1.05,31700
Tin Shui Wai South and Ping Ha,1309,215,47324621.53,2.766e-05,4.54309e-06,0.276600205,0.454308969,153669,88248.5,2.39,95037,22348,103093,20602,0.75,30100
Tseung Kwan O North,776,108,1580069.556,0.000491118,6.83514e-05,4.911176202,6.835142137,158568,98589.0,2.67,69889,444,23585,1316,0.05,40400
Tseung Kwan O South,517,59,3125142.442,0.000165432,1.88791e-05,1.654324594,1.887913946,172964,98736.0,2.67,69889,735,23585,2178,0.08,40400
Tsing Yi,985,142,10455427.43,9.42094e-05,1.35815e-05,0.942094435,1.358146292,179581,84461.0,2.29,161192,2054,5671,58383,2.13,26000
Tsuen Wan Northwest,1403,103,44481122.31,3.15415e-05,2.31559e-06,0.315414703,0.231558906,156114,73570.0,1.99,117713,4949,9192,63377,2.31,34400
Tsuen Wan Southeast,991,128,17438877.69,5.68271e-05,7.33992e-06,0.568270515,0.733992189,163980,90229.0,2.44,117713,4243,9192,54336,1.98,34400
Tuen Mun East,1510,113,33427312.32,4.51726e-05,3.38047e-06,0.451726416,0.338046921,168080,59671.0,1.62,76701,6093,19846,23548,0.86,26500
Tuen Mun North,780,109,18692705.38,4.17275e-05,5.83115e-06,0.417275073,0.583115166,170790,104074.0,2.82,76701,10271,19846,39695,1.45,26500
Tuen Mun West,587,86,33729982.3,1.74029e-05,2.54966e-06,0.174029146,0.25496604,168009,83305.0,2.26,76701,3482,19846,13457,0.49,26500
Wan Chai,3357,430,10560000.0,0.000317898,4.07197e-05,3.178977273,4.071969697,166695,92238.0,2.5,225240,4550,4550,225240,8.23,40500
Western,1187,165,4250735.501,0.000279246,3.88168e-05,2.792457916,3.881681181,125233,75343.0,2.04,312562,2064,8770,73561,2.69,42600
Wong Tai Sin East,1475,207,4613986.574,0.00031968,4.48636e-05,3.196801673,4.486358958,188218,127397.0,3.45,66911,1185,2029,39078,1.43,25100
Wong Tai Sin West,896,223,4688620.344,0.000191101,4.7562e-05,1.911009922,4.75619657,218584,65217.0,1.77,66911,844,2029,27833,1.02,25100
Wu Tip Shan,1448,161,21829748.23,6.63315e-05,7.37526e-06,0.663315025,0.737525684,150468,93658.0,2.54,49775,15003,51749,14431,0.53,25500
Yau Tsim Mong North,1629,178,2165712.207,0.000752178,8.21901e-05,7.52177503,8.21900525,168265,97426.0,2.64,294544,3002,7420,119167,4.35,30700
Yau Tsim Mong South,3027,209,4824287.793,0.00062745,4.33225e-05,6.274501294,4.33224569,142382,65279.0,1.77,294544,4418,7420,175377,6.4,30700
Yuen Long Rural East,1696,306,83591131.06,2.02892e-05,3.66068e-06,0.202892338,0.366067543,170741,90494.0,2.45,95037,72943,103093,67243,2.46,30100
Yuen Long Town Centre,825,110,5113531.676,0.000161337,2.15116e-05,1.613366362,2.15115515,160142,65596.0,1.78,95037,7135,103093,6577,0.24,30100
