DISTRICT,NEXT DISTRICT,mean_relative_deviation,n_samples,y_true_mean
Tuen Mun North,Yau Tsim Mong South,1.2151661806816951,44,18.472727272727273
Islands,Kwai Chung West,1.1375318462523865,37,13.494594594594595
Tseung Kwan O North,Kwai Chung East,1.1055232332350464,8,7.699999999999999
Sai Kung and Hang Hau,Tsuen Wan Northwest,0.9124312806168469,11,15.918181818181818
Tin Shui Wai South and Ping Ha,Kwun Tong West,0.8433218459890492,33,15.030303030303031
Tseung Kwan O North,Kwai Chung West,0.8100065714025074,25,9.744
Tin Shui Wai South and Ping Ha,Wong Tai Sin East,0.7997722416190456,38,15.271052631578947
Sai Kung and Hang Hau,Kwai Chung East,0.7433421702046334,21,15.347619047619048
Yuen Long Town Centre,Kwun Tong Central,0.7349866027426103,31,16.506451612903227
Tuen Mun North,Tuen Mun East,0.7155970722143626,241,16.506639004149378
Tseung Kwan O South,Tseung Kwan O North,0.7098611030564174,69,11.881159420289856
Yuen Long Town Centre,Wong Tai Sin East,0.6857739958068542,19,16.74736842105263
Tin Shui Wai South and Ping Ha,Yuen Long Rural East,0.6840383815855126,122,13.62295081967213
Yuen Long Rural East,Tuen Mun East,0.6375227224976698,22,18.90909090909091
Tin Shui Wai South and Ping Ha,Kwun Tong Central,0.6341455299869349,48,16.960416666666667
Kowloon City South,Yau Tsim Mong North,0.6259594777864147,95,13.801052631578946
Tseung Kwan O South,Kwun Tong North,0.6259062176873144,53,13.013207547169813
Tseung Kwan O North,Kwun Tong North,0.6247831817495128,112,11.763392857142858
Sha Tin North,Sha Tin North,0.6214735000101703,158,11.737974683544303
Tin Shui Wai South and Ping Ha,Sha Tin West,0.6175102898931861,28,9.014285714285714
Tuen Mun North,Tuen Mun North,0.6032231462761702,158,11.793037974683545
Tin Shui Wai South and Ping Ha,Yau Tsim Mong South,0.5965367512673994,72,13.024999999999999
Tuen Mun East,Tuen Mun East,0.5964889111308389,883,11.865571913929784
Tseung Kwan O North,Tseung Kwan O South,0.5894224712314997,39,15.564102564102564
Tai Po North,Sai Kung and Hang Hau,0.5778112648700888,167,19.449101796407184
Tseung Kwan O South,Kwun Tong Central,0.5698843481100189,40,15.135
Tuen Mun East,Tsuen Wan Northwest,0.5677660375700021,354,15.561299435028248
Wu Tip Shan,Tuen Mun North,0.5645706215060085,13,11.923076923076923
Tin Shui Wai South and Ping Ha,Tuen Mun North,0.5632966992852168,82,14.160975609756099
Yuen Long Town Centre,Sha Tin West,0.5619771924510528,20,12.794999999999998
Tuen Mun North,Yau Tsim Mong North,0.5569387938618664,18,16.45
Islands,Tsing Yi,0.5490082640784982,113,14.8070796460177
Tuen Mun West,Wong Tai Sin East,0.5397348794552895,25,16.06
Tseung Kwan O North,Wong Tai Sin East,0.5382766360143766,38,17.902631578947368
Tin Shui Wai South and Ping Ha,Tin Shui Wai South and Ping Ha,0.5328070881488196,591,12.00439932318105
Tseung Kwan O North,Tsuen Wan Southeast,0.5313055284877074,10,11.879999999999999
Kowloon City South,Sham Shui Po East,0.5288556554512137,91,10.041758241758242
Yuen Long Town Centre,Tin Shui Wai South and Ping Ha,0.5268873433319093,138,11.27536231884058
Yau Tsim Mong North,Yau Tsim Mong North,0.5221353814590073,26,7.834615384615384
Wu Tip Shan,Tuen Mun East,0.5214263015911647,42,13.514285714285714
Sai Kung and Hang Hau,Tsuen Wan Southeast,0.5207349723611864,35,17.282857142857143
Tseung Kwan O South,Wong Tai Sin East,0.5200844543950665,28,18.935714285714287
Wu Tip Shan,Wu Tip Shan,0.5192848390883132,543,10.44401473296501
Sha Tin North,Sha Tin East,0.5139542636334573,362,15.935082872928177
Tuen Mun West,Yau Tsim Mong South,0.5137027416514108,30,19.523333333333333
Kwai Chung West,Tsing Yi,0.5076539182828053,151,12.923178807947021
Tseung Kwan O North,Tseung Kwan O North,0.5070121905112956,96,9.189583333333333
Yuen Long Town Centre,Kwun Tong West,0.504171754291034,9,17.766666666666666
Sha Tin East,Sha Tin East,0.4938568996612074,378,11.030687830687832
Yuen Long Rural East,Tuen Mun North,0.49349267004394287,46,15.221739130434784
Yau Tsim Mong North,Sham Shui Po East,0.49235278872965477,62,11.887096774193548
Chai Wan,Hong Wan,0.4892048007884723,520,11.3375
Yau Tsim Mong South,Yau Tsim Mong North,0.4818496306847519,218,13.583486238532108
Islands,Tsuen Wan Northwest,0.47675215787720154,103,19.00485436893204
Tseung Kwan O South,Tseung Kwan O South,0.47597556863398316,46,11.606521739130434
Southern District Southeast,Southern District Northwest,0.4725552900060223,1010,8.241584158415842
Sha Tin East,Sha Tin South,0.4715192072434146,176,15.355113636363637
Wu Tip Shan,Islands,0.46581257640902024,9,20.37777777777778
Tseung Kwan O North,Sham Shui Po East,0.4642033695188151,25,10.932
Tsing Yi,Tsing Yi,0.4635381093647791,299,10.99933110367893
Tseung Kwan O North,Wong Tai Sin West,0.4634616625453237,13,17.8
Tin Shui Wai South and Ping Ha,Kwai Chung East,0.4627088179086174,43,8.909302325581395
Tuen Mun North,Wong Tai Sin East,0.4620318212134103,31,16.66774193548387
Yuen Long Town Centre,Kwai Chung West,0.46162830116455766,9,9.899999999999999
Tuen Mun North,Tuen Mun West,0.4567880631694101,179,15.059776536312848
Sai Kung and Hang Hau,Tai Po North,0.4558146929931961,233,18.215450643776823
Kowloon City North,Sha Tin South,0.4556161105171956,58,14.125862068965516
Islands,Islands,0.4465753540455046,6747,11.027212094264119
Tuen Mun West,Tuen Mun East,0.44582148973207775,250,17.6412
Chai Wan,Tai Pak,0.4454582377645173,452,9.892035398230089
Sai Kung and Hang Hau,Tseung Kwan O South,0.44459791342037175,161,11.585714285714285
Tin Shui Wai South and Ping Ha,Yuen Long Town Centre,0.4442888590360553,206,10.350485436893203
Wu Tip Shan,Tsuen Wan Southeast,0.4426949309831675,21,11.728571428571428
Western,Southern District Southeast,0.4400989261529746,140,12.069285714285714
Tseung Kwan O North,Kwun Tong West,0.43964466545554437,35,12.848571428571429
Yuen Long Town Centre,Yau Tsim Mong South,0.4393638721107201,38,12.489473684210527
Tseung Kwan O North,Kwun Tong Central,0.43544382428121814,69,10.41304347826087
Kwun Tong Southeast,Kwun Tong North,0.43353941301082993,145,11.201379310344828
Wu Tip Shan,Yau Tsim Mong South,0.43119649120541115,68,14.594117647058823
Yau Tsim Mong North,Sham Shui Po West,0.4303989118510588,233,10.791416309012876
Sha Tin South,Kowloon City South,0.429199537625407,27,14.592592592592593
Tin Shui Wai South and Ping Ha,Sham Shui Po East,0.42666447536371127,31,11.709677419354838
Tuen Mun West,Tuen Mun West,0.4250520708168572,100,14.529000000000002
Kwai Chung East,Kwai Chung East,0.42491644240141047,238,10.403781512605041
Southern District Southeast,Southern District Southeast,0.42420655643198446,1984,8.369002016129032
Kwun Tong Central,Wong Tai Sin West,0.4209642029949224,74,12.436486486486487
Tin Shui Wai South and Ping Ha,Tsuen Wan Southeast,0.4173509144546065,30,10.25
Yuen Long Town Centre,Sham Shui Po East,0.4140978719217893,15,12.120000000000001
Wong Tai Sin East,Kowloon City South,0.4139420198601821,91,9.353846153846154
Wong Tai Sin East,Kowloon City North,0.41309069048369335,109,8.458715596330276
Wu Tip Shan,Sham Shui Po West,0.41085445441015533,15,9.053333333333335
Tsuen Wan Northwest,Tsuen Wan Southeast,0.4104843593292328,117,10.847863247863248
Islands,Yau Tsim Mong North,0.40821873555965527,75,11.725333333333333
Sai Kung and Hang Hau,Kwai Chung West,0.40645830888853535,35,11.21142857142857
Wu Tip Shan,Sha Tin West,0.4061692414274808,39,11.328205128205129
Tseung Kwan O South,Wong Tai Sin West,0.4058199762234292,11,19.863636363636363
Sha Tin East,Kowloon City North,0.40476446383656545,132,13.376515151515152
Southern District Northwest,Southern District Southeast,0.4047441814156171,781,7.657746478873239
Yau Tsim Mong South,Sham Shui Po East,0.40354287004279155,221,10.474660633484163
Tuen Mun East,Tuen Mun West,0.39747070839025933,258,11.684108527131784
Sai Kung and Hang Hau,Yau Tsim Mong South,0.3951399123683767,90,11.951111111111112
Kwun Tong Southeast,Wong Tai Sin East,0.3915944162730778,81,13.81604938271605
Tseung Kwan O South,Kwai Chung West,0.39001675542552305,20,9.415000000000001
Tsuen Wan Northwest,Tsuen Wan Northwest,0.38990145112331753,418,10.928947368421053
Tsuen Wan Southeast,Tsuen Wan Southeast,0.38986351024490434,116,8.835344827586209
Yau Tsim Mong South,Yau Tsim Mong South,0.3879241801786323,339,10.733038348082596
Wu Tip Shan,Kwai Chung East,0.3878600142601889,31,12.53225806451613
Sai Kung and Hang Hau,Kwun Tong Southeast,0.38586080284916785,35,13.931428571428572
Tuen Mun North,Kwai Chung West,0.38303826023946996,7,12.414285714285713
Sha Tin South,Kowloon City North,0.3825389449063842,75,13.64
Kwun Tong West,Wong Tai Sin East,0.3825018523295074,109,11.143119266055047
Yau Tsim Mong North,Sha Tin South,0.3820778430554791,31,9.370967741935484
Tseung Kwan O South,Sham Shui Po East,0.37917061647363537,31,15.667741935483871
Kwun Tong Central,Wong Tai Sin East,0.37773451423308085,186,13.440860215053764
Tai Po South,Islands,0.3775007230235959,8,20.4
Yau Tsim Mong South,Sham Shui Po West,0.3770237992568393,241,12.229045643153526
Wu Tip Shan,Sha Tin South,0.37487329957410265,9,11.277777777777779
Sha Tin West,Sha Tin South,0.37451284689071657,160,9.508125
Kowloon City South,Sha Tin South,0.37185608329936465,41,15.84390243902439
Kwun Tong Southeast,Kwun Tong West,0.3708273728924205,140,11.747857142857143
Tseung Kwan O South,Kwun Tong West,0.3675012368711113,29,13.010344827586207
Tsuen Wan Northwest,Kwai Chung East,0.36431540651444716,94,9.98404255319149
Sham Shui Po West,Yau Tsim Mong North,0.36184165604707447,257,9.281322957198444
Tuen Mun West,Tuen Mun North,0.36015299991785904,108,8.957407407407407
Kowloon City South,Sham Shui Po West,0.3601229708044746,99,11.587878787878788
Sha Tin East,Kowloon City South,0.36006108433003275,52,16.54423076923077
Kwun Tong North,Wong Tai Sin East,0.3593661195316405,98,12.96734693877551
Kwun Tong Southeast,Wong Tai Sin West,0.35892767319493996,32,18.10625
Sai Kung and Hang Hau,Tseung Kwan O North,0.3587568323254018,269,9.388475836431226
Sai Kung and Hang Hau,Sai Kung and Hang Hau,0.35872443239843776,1218,11.858949096880131
Tseung Kwan O North,Sai Kung and Hang Hau,0.35852948465845813,217,9.380645161290323
Wan Chai,Central,0.3583678549450811,995,10.366934673366835
Islands,Yau Tsim Mong South,0.35824082093635196,75,21.833333333333332
Tin Shui Wai South and Ping Ha,Tuen Mun East,0.3565576930015781,124,14.588709677419354
Sham Shui Po West,Yau Tsim Mong South,0.35632381703639504,212,10.766509433962264
Tseung Kwan O North,Sham Shui Po West,0.3555989959978407,24,9.633333333333333
Sham Shui Po East,Yau Tsim Mong South,0.35508683327867135,198,9.689898989898989
Kwun Tong Central,Kwun Tong West,0.3540134791656709,207,10.007246376811594
Kowloon City South,Yau Tsim Mong South,0.35156111151278047,181,9.80718232044199
Tai Po North,Tsuen Wan Northwest,0.3515342091115779,9,22.966666666666665
Sai Kung and Hang Hau,Kowloon City South,0.34909146622648685,31,9.19032258064516
Islands,Sham Shui Po East,0.34864521412562294,101,16.91683168316832
Tin Shui Wai South and Ping Ha,Sham Shui Po West,0.3483126197176035,20,9.215
Tuen Mun North,Wan Chai,0.34603814935688926,54,21.164814814814818
Tuen Mun East,Sham Shui Po East,0.34555103995002817,58,12.817241379310344
Chai Wan,Chai Wan,0.34490376718966653,364,8.01978021978022
Wu Tip Shan,Kwai Chung West,0.34253093077045976,17,13.764705882352942
Sha Tin North,Sha Tin West,0.3415078702766731,65,10.558461538461538
Tseung Kwan O South,Sai Kung and Hang Hau,0.3410399042180119,156,8.486538461538462
Tai Po South,Tsuen Wan Northwest,0.3402315698938276,8,19.1875
Tsuen Wan Northwest,Kwai Chung West,0.34022685569870076,53,12.383018867924527
Kwun Tong North,Kwun Tong Central,0.3395067691875674,142,8.965492957746479
Kwun Tong Central,Sham Shui Po East,0.33331614618284944,68,15.163235294117646
Sai Kung and Hang Hau,Sham Shui Po East,0.3315007482795169,54,13.13888888888889
Tsuen Wan Southeast,Kwai Chung East,0.3311721748299118,244,9.377868852459015
Tsing Yi,Islands,0.33043904180112105,126,16.003968253968253
Western,Southern District Northwest,0.3303792084019679,435,9.961149425287358
Sha Tin North,Sai Kung and Hang Hau,0.33001700279043666,13,10.838461538461539
Yau Tsim Mong South,Kowloon City North,0.32963163953289976,423,10.281087470449172
Islands,Tsuen Wan Southeast,0.3281059384826017,51,18.915686274509806
Sha Tin West,Tai Po North,0.3271936487684333,155,11.305806451612904
Tuen Mun North,Kwun Tong Central,0.3261498236045522,46,17.65434782608696
Kwai Chung East,Tsuen Wan Northwest,0.32471183550330085,56,10.894642857142857
Wong Tai Sin West,Kowloon City South,0.32448297030579387,80,9.1775
Kwun Tong Southeast,Sham Shui Po East,0.3239940615616066,79,12.924050632911392
Sai Kung and Hang Hau,Kwun Tong Central,0.323024579826122,129,10.711627906976744
Kwun Tong Southeast,Kwun Tong Central,0.32295906093341437,147,9.864625850340136
Sha Tin East,Sai Kung and Hang Hau,0.322382891017038,32,16.215625
Tuen Mun North,Central,0.32073589448049505,51,22.692156862745097
Yau Tsim Mong South,Kowloon City South,0.31686610160182355,212,9.104716981132075
Southern District Northwest,Southern District Northwest,0.3166575716286203,886,8.077990970654628
Tsing Yi,Tsuen Wan Southeast,0.3163397469795611,46,7.982608695652174
Islands,Kwai Chung East,0.31422465157262125,48,17.58125
Wong Tai Sin West,Wong Tai Sin East,0.3135425648287913,75,8.109333333333334
Wong Tai Sin East,Tseung Kwan O North,0.3134925338722834,69,10.907246376811594
Sai Kung and Hang Hau,Yau Tsim Mong North,0.3121412697329999,41,11.046341463414633
Sha Tin East,Tai Po North,0.312046168602774,39,14.735897435897437
Sai Kung and Hang Hau,Kwun Tong North,0.3119590060125507,177,11.783050847457627
Kwun Tong West,Wong Tai Sin West,0.3108627336421684,59,10.794915254237289
Sham Shui Po East,Yau Tsim Mong North,0.3104659582786503,64,8.340625
Tsuen Wan Northwest,Sai Kung and Hang Hau,0.309836504719428,39,20.171794871794873
Kowloon City North,Sha Tin East,0.3094401172907533,87,11.373563218390805
Tuen Mun North,Kwun Tong West,0.30918865186406125,32,17.3875
Tsuen Wan Southeast,Tsuen Wan Northwest,0.30891901053427956,79,10.758227848101265
Wong Tai Sin West,Yau Tsim Mong South,0.3058963879229442,92,8.63586956521739
Tuen Mun East,Yau Tsim Mong South,0.30434443056264676,157,18.561146496815287
Tuen Mun East,Yuen Long Rural East,0.30276452245659596,17,8.794117647058824
Islands,Sham Shui Po West,0.30156423505334645,40,12.17
Tsuen Wan Northwest,Tsing Yi,0.3013014159297433,40,10.6075
Tin Shui Wai South and Ping Ha,Kwun Tong North,0.29831523245510877,1212,22.965346534653467
Tai Po North,Sha Tin West,0.2980691790845858,142,13.165492957746478
Tin Shui Wai South and Ping Ha,Yau Tsim Mong North,0.2968285701891957,31,9.641935483870967
Kowloon City South,Wong Tai Sin East,0.29636052554707965,73,7.723287671232876
Tsing Yi,Kwai Chung West,0.29596816151853145,141,8.977304964539007
Tuen Mun North,Sham Shui Po East,0.2941781105957407,28,15.035714285714286
Sai Kung and Hang Hau,Sha Tin North,0.2939242405070656,23,13.382608695652175
Tai Po North,Tai Po North,0.29366676347633885,852,9.600234741784039
Sha Tin West,Sha Tin West,0.29364617144961974,396,9.768686868686869
Wong Tai Sin East,Sai Kung and Hang Hau,0.29224528980205305,235,11.545531914893616
Wong Tai Sin East,Tseung Kwan O South,0.2922377668603648,42,10.088095238095239
Tai Po North,Sha Tin North,0.29167781894976347,78,10.442307692307692
Wu Tip Shan,Tai Po South,0.29113712685663373,118,12.629661016949152
Yau Tsim Mong North,Yau Tsim Mong South,0.29092664505680566,196,8.638265306122449
Kwun Tong Southeast,Sai Kung and Hang Hau,0.2903976393187239,8,9.7625
Kwai Chung West,Islands,0.2893217604693842,70,17.11857142857143
Kwun Tong West,Sham Shui Po East,0.28559944192281134,89,11.044943820224718
Wan Chai,Kowloon City South,0.2854940833810886,47,19.96808510638298
Tai Po South,Tai Po North,0.2854110686616216,456,8.784649122807018
Kwun Tong Central,Tseung Kwan O North,0.28502563310880286,96,10.098958333333334
Kowloon City South,Sha Tin East,0.28494271864715137,22,13.945454545454545
Tuen Mun North,Tsuen Wan Southeast,0.28236602997404175,26,8.911538461538461
Wong Tai Sin West,Kowloon City North,0.28166674514504064,133,8.445112781954888
Yuen Long Town Centre,Yuen Long Town Centre,0.28162778816985307,67,8.81492537313433
Kwun Tong West,Tseung Kwan O North,0.28096145634255965,32,12.13125
Yuen Long Rural East,Tin Shui Wai South and Ping Ha,0.28079951247229573,141,11.221276595744682
Kwun Tong Southeast,Sham Shui Po West,0.2797001534130753,23,8.886956521739132
Sha Tin East,Sha Tin West,0.2795043245883167,194,10.312371134020617
Kowloon City North,Sha Tin West,0.278371309478973,42,10.038095238095238
Western,Wan Chai,0.2779983438570925,264,7.511363636363637
Kwai Chung East,Tai Po North,0.27759858487851985,26,13.296153846153846
Wu Tip Shan,Tai Po North,0.2774579659476922,113,13.461061946902655
Kwun Tong North,Wong Tai Sin West,0.27729462708853764,47,13.625531914893617
Sha Tin South,Sha Tin South,0.2758308445711653,180,9.117777777777778
Yau Tsim Mong North,Sha Tin East,0.2755873320349919,50,14.286
Kwai Chung West,Tsuen Wan Northwest,0.2753378256344697,98,9.972448979591837
Tuen Mun West,Kwun Tong Central,0.27435943564928467,26,18.515384615384615
Yuen Long Town Centre,Sham Shui Po West,0.2731216003600078,20,9.459999999999999
Sham Shui Po West,Sham Shui Po East,0.27305535385211827,235,7.4297872340425535
Southern District Southeast,Central,0.27296290771983545,388,8.96159793814433
Kwun Tong West,Kwun Tong Central,0.27261434090833614,280,8.661071428571429
Tsuen Wan Northwest,Islands,0.2712542199075191,137,15.535766423357664
Kwai Chung West,Yau Tsim Mong North,0.2708809212328131,53,10.80754716981132
Tseung Kwan O North,Yau Tsim Mong North,0.27085158740167037,38,9.83421052631579
Tai Po North,Sha Tin South,0.27022675373673255,20,9.4
Yau Tsim Mong South,Wong Tai Sin West,0.26927343742154336,160,8.95875
Tai Po North,Tai Po South,0.26902417494892267,437,11.047368421052632
Central,Kowloon City South,0.2681642722261331,39,14.764102564102563
Central,Wan Chai,0.26716616372047897,1230,10.27560975609756
Kwun Tong North,Kwai Chung West,0.2667055672507514,35,12.648571428571428
Kwun Tong North,Sham Shui Po East,0.2663934943230648,77,12.446753246753246
Hong Wan,Tai Pak,0.2661385586764142,573,8.112739965095987
Tsuen Wan Northwest,Tuen Mun East,0.26598013466467635,482,9.675311203319502
Wong Tai Sin East,Yau Tsim Mong South,0.265950821625741,98,8.776530612244898
Sha Tin West,Sha Tin North,0.26590633273546077,80,10.966249999999999
Sha Tin South,Sha Tin East,0.26571895968863873,155,9.829032258064515
Tuen Mun West,Sham Shui Po East,0.26546760840539674,18,12.011111111111113
Kwai Chung West,Kwai Chung East,0.26521217932801994,119,9.346218487394959
Western,Tai Pak,0.2651057721422366,100,8.13
Tseung Kwan O South,Kwun Tong Southeast,0.26504565857009643,12,18.875
Yuen Long Town Centre,Kwai Chung East,0.2647942985885884,7,12.928571428571429
Wong Tai Sin East,Sham Shui Po East,0.26470945385145617,88,12.60340909090909
Yuen Long Town Centre,Tuen Mun North,0.2641360143046403,20,11.235000000000001
Yau Tsim Mong North,Kowloon City North,0.26290309123560807,156,9.323717948717949
Tsing Yi,Tsuen Wan Northwest,0.261544192629733,36,12.538888888888888
Tseung Kwan O South,Yau Tsim Mong North,0.2607668325555787,20,11.215
Tuen Mun East,Sham Shui Po West,0.2593544079287842,43,10.94186046511628
Tsuen Wan Southeast,Sai Kung and Hang Hau,0.2584933600566479,44,16.270454545454545
Tuen Mun North,Sham Shui Po West,0.2583039969351121,17,8.411764705882353
Tsuen Wan Southeast,Tseung Kwan O South,0.2578251851130891,9,17.044444444444444
Sha Tin East,Sha Tin North,0.2567673725326122,362,9.4
Tseung Kwan O North,Kwun Tong Southeast,0.256012568964672,28,17.925
Tsuen Wan Southeast,Sham Shui Po West,0.2553754192992995,28,9.575000000000001
Yau Tsim Mong South,Sha Tin South,0.2552450715823112,83,15.509638554216867
Sai Kung and Hang Hau,Sham Shui Po West,0.2550247736031565,31,10.638709677419355
Tsuen Wan Southeast,Kwun Tong North,0.2547793198455522,13,15.523076923076925
Southern District Southeast,Wan Chai,0.2541088545963429,960,8.762604166666668
Wu Tip Shan,Kowloon City North,0.25334154493981,26,16.376923076923077
Sai Kung and Hang Hau,Kwun Tong West,0.2524180226652548,158,10.976582278481013
Kwun Tong North,Tsuen Wan Southeast,0.25134498836324215,26,13.915384615384616
Kwai Chung East,Kwun Tong North,0.2509296950504994,18,14.91111111111111
Wan Chai,Tai Pak,0.2509076516825771,451,8.578048780487805
Yuen Long Town Centre,Yuen Long Rural East,0.25082202424926536,305,8.660983606557377
Yau Tsim Mong North,Kwai Chung West,0.25013531056454186,71,11.009859154929577
Sha Tin West,Kowloon City North,0.24951039978174697,36,9.908333333333333
Kwun Tong North,Kwun Tong Southeast,0.24949299619334242,159,8.600000000000001
Tuen Mun East,Tuen Mun North,0.2492781566866898,221,8.285067873303168
Wu Tip Shan,Sham Shui Po East,0.24916817183712098,14,7.471428571428571
Wong Tai Sin East,Kwun Tong Southeast,0.24916628562872517,120,7.628333333333334
Tai Po South,Tai Po South,0.24887987647600568,513,9.2859649122807
Sham Shui Po West,Islands,0.24845907331859052,80,17.945
Kwun Tong Central,Tseung Kwan O South,0.2483779025624274,36,9.786111111111111
Kwun Tong Southeast,Kwun Tong Southeast,0.24803001619759574,217,8.564516129032258
Wong Tai Sin East,Yau Tsim Mong North,0.24657644418558913,34,9.179411764705883
Islands,Tuen Mun East,0.24641844598861984,87,17.859770114942528
Kwai Chung East,Tsuen Wan Southeast,0.2453759835932115,208,7.731250000000001
Hong Wan,Wan Chai,0.24507472515527462,253,7.843083003952569
Yau Tsim Mong South,Sha Tin East,0.24383908214662198,126,14.612698412698412
Wong Tai Sin East,Kwun Tong North,0.24318475876155904,140,8.62
Yau Tsim Mong South,Sha Tin West,0.24295090468475386,112,13.203571428571427
Kwai Chung West,Kwai Chung West,0.24293340536188188,192,7.653645833333333
Tseung Kwan O North,Kowloon City North,0.2422594642429232,49,9.128571428571428
Tuen Mun East,Islands,0.24196727164312473,79,18.079746835443036
Chai Wan,Kwun Tong Southeast,0.24123970622189764,30,16.80333333333333
Sha Tin East,Tsuen Wan Northwest,0.2406965413338633,9,21.844444444444445
Wong Tai Sin East,Wong Tai Sin West,0.24065074286712193,72,8.825
Sham Shui Po East,Sham Shui Po West,0.24019995817446532,190,8.204210526315789
Islands,Sha Tin East,0.23956899025968928,27,22.42962962962963
Tsuen Wan Northwest,Tai Po South,0.23922360991768432,11,24.41818181818182
Tai Pak,Wan Chai,0.23864836449039653,438,8.267351598173516
Islands,Sha Tin South,0.23758640149355442,37,21.775675675675675
Sha Tin West,Tai Po South,0.2364242108040568,240,10.86125
Sha Tin South,Tsuen Wan Northwest,0.2360978472277604,14,19.085714285714285
Sha Tin West,Sham Shui Po East,0.23499484683329525,58,9.71206896551724
Tsuen Wan Southeast,Islands,0.23495701853571502,57,18.828070175438597
Kwai Chung East,Sham Shui Po West,0.2348311265573069,71,9.92112676056338
Wan Chai,Yau Tsim Mong South,0.23449103747831646,86,21.058139534883722
Wan Chai,Southern District Southeast,0.23424872265709681,636,8.72625786163522
Tuen Mun North,Tin Shui Wai South and Ping Ha,0.23355501350923588,76,8.346052631578948
Wong Tai Sin East,Wong Tai Sin East,0.23351252862498337,79,6.959493670886076
Kwai Chung East,Islands,0.23334521399830105,38,18.78421052631579
Yuen Long Rural East,Sha Tin West,0.2327110395947672,8,14.625
Sham Shui Po West,Sham Shui Po West,0.2314024075127738,137,6.853284671532847
Tai Po North,Sha Tin East,0.2308612418164297,86,14.44767441860465
Yau Tsim Mong North,Wong Tai Sin West,0.2306554812155856,85,8.438823529411764
Kwun Tong North,Tseung Kwan O North,0.23034962392973554,75,9.614666666666666
Central,Tai Pak,0.23023694819131704,298,10.331543624161075
Sham Shui Po West,Kowloon City North,0.23017057149371592,87,7.936781609195402
Tuen Mun East,Kwai Chung East,0.2299769786641185,49,8.991836734693878
Kwun Tong North,Kwun Tong West,0.2296564631936084,220,9.120000000000001
Kowloon City South,Sha Tin West,0.2296556503340724,20,15.38
Yau Tsim Mong North,Kwun Tong West,0.22958193997385323,68,8.757352941176471
Tai Po South,Sha Tin West,0.22921689373220727,277,11.393140794223827
Kwun Tong North,Kwun Tong North,0.22828620429238772,212,8.172169811320755
Islands,Tin Shui Wai South and Ping Ha,0.22763293081562141,121,20.2198347107438
Sha Tin East,Kwun Tong Southeast,0.22753175985815438,38,19.371052631578948
Sha Tin South,Yau Tsim Mong South,0.22592470692021796,103,12.654368932038835
Tai Po North,Tsuen Wan Southeast,0.22557362519677918,37,18.89189189189189
Yau Tsim Mong South,Wong Tai Sin East,0.22519126387688937,97,8.330927835051547
Sha Tin West,Sha Tin East,0.22462182343438805,245,9.76
Tsuen Wan Northwest,Sha Tin South,0.22437142727235806,12,19.45
Sha Tin West,Yau Tsim Mong South,0.2232785979020489,68,11.436764705882354
Kwun Tong North,Kwai Chung East,0.22301292708715792,8,12.212499999999999
Tuen Mun East,Yau Tsim Mong North,0.2223929148830885,84,13.245238095238093
Tuen Mun West,Kowloon City North,0.22156243879905682,744,21.449193548387097
Kwai Chung West,Yau Tsim Mong South,0.22154817431213478,57,12.221052631578948
Kowloon City South,Kowloon City South,0.2201234245555897,136,8.180882352941175
Yau Tsim Mong South,Tai Po South,0.21883110321086224,50,14.99
Sha Tin South,Tai Po South,0.21822600698065497,32,11.5875
Islands,Southern District Northwest,0.2180456839245676,1103,30.491477787851313
Sham Shui Po East,Kwai Chung West,0.21755966044670855,58,10.725862068965517
Kowloon City North,Yau Tsim Mong South,0.21719337900703758,364,8.762362637362637
Tsing Yi,Kwai Chung East,0.21711454743244923,106,7.9245283018867925
Kwun Tong North,Sham Shui Po West,0.21685051354286367,26,10.38846153846154
Tuen Mun North,Kwai Chung East,0.21663863028533306,19,9.4
Tai Po South,Sha Tin South,0.21663512889072714,22,12.431818181818182
Tai Pak,Kwun Tong Southeast,0.21638340117317484,40,17.080000000000002
Yuen Long Town Centre,Yau Tsim Mong North,0.21626918318544763,29,7.486206896551723
Tseung Kwan O South,Yau Tsim Mong South,0.21606155615011957,61,13.598360655737705
Sham Shui Po West,Kowloon City South,0.2154984900926623,74,6.960810810810811
Sai Kung and Hang Hau,Kowloon City North,0.21493079045041966,96,10.916666666666666
Kowloon City North,Southern District Southeast,0.21484894921148406,37,19.216216216216218
Tsuen Wan Southeast,Tsing Yi,0.2137109480956311,65,9.501538461538463
Tuen Mun West,Yau Tsim Mong North,0.21371031072967214,16,12.125
Sham Shui Po West,Kwai Chung West,0.21370127163459174,113,9.221238938053098
Kowloon City North,Wong Tai Sin East,0.21353294571041068,205,7.714634146341464
Sham Shui Po East,Kwun Tong Central,0.21263828239717691,140,8.49357142857143
Yau Tsim Mong North,Sha Tin West,0.2126122833424614,39,13.058974358974359
Tin Shui Wai South and Ping Ha,Islands,0.21236822836417854,164,18.796341463414635
Yuen Long Town Centre,Tuen Mun East,0.21226480903759626,32,16.903125
Kwun Tong West,Kowloon City North,0.21185078817977193,277,8.435740072202165
Southern District Northwest,Western,0.21120043800002133,766,8.817885117493473
Kowloon City South,Kwun Tong West,0.21116160646532814,68,8.04264705882353
Kowloon City South,Wong Tai Sin West,0.2102735718486198,154,7.9363636363636365
Kwai Chung West,Tseung Kwan O South,0.20903058939967054,6,13.4
Kowloon City North,Tai Po North,0.20882561566956065,19,14.421052631578947
Tsuen Wan Northwest,Sha Tin North,0.20751655020085125,16,20.0
Tai Pak,Tai Pak,0.2072964328600663,317,7.676656151419558
Wan Chai,Kwai Chung West,0.20718449991354845,24,26.866666666666664
Tuen Mun East,Tsuen Wan Southeast,0.20569321323892464,43,9.337209302325581
Sham Shui Po East,Kwun Tong North,0.20561824678011054,47,9.727659574468085
Central,Kwun Tong North,0.20442288342966144,33,15.24848484848485
Wong Tai Sin East,Kwun Tong West,0.2037634202406964,107,8.366355140186917
Kwai Chung West,Tsuen Wan Southeast,0.20312289077412454,129,7.334108527131783
Islands,Sha Tin West,0.2026479586390136,60,21.37333333333333
Wu Tip Shan,Yuen Long Rural East,0.20226439076256428,54,16.883333333333333
Kwai Chung West,Sham Shui Po West,0.20189552077137254,65,8.883076923076922
Kowloon City North,Kwun Tong West,0.20150838469667315,250,7.8612
Tuen Mun North,Yuen Long Town Centre,0.20111119826058296,12,7.05
Tsuen Wan Northwest,Kwun Tong North,0.2010039306131334,21,22.01904761904762
Sha Tin North,Tai Po North,0.20031651767805558,63,9.155555555555555
Tuen Mun West,Sha Tin South,0.20021605107913995,276,22.093840579710147
Kwun Tong West,Tseung Kwan O South,0.20005877142036627,29,10.53793103448276
Sham Shui Po East,Islands,0.20003307716222724,124,19.21935483870968
Tai Po South,Wu Tip Shan,0.19970776665252027,171,9.928654970760233
Central,Kowloon City North,0.1995535457415082,69,15.205797101449276
Tuen Mun West,Wong Tai Sin West,0.19939120735766855,780,21.765897435897436
Kowloon City North,Kowloon City South,0.19918222392167537,197,8.094416243654823
Sai Kung and Hang Hau,Wong Tai Sin East,0.19874649080195422,155,11.338709677419354
Tai Pak,Central,0.1987276371427656,263,9.03574144486692
Kwai Chung East,Tsing Yi,0.19866298322632087,81,7.317283950617284
Sha Tin East,Yau Tsim Mong South,0.19840425969548844,112,11.89642857142857
Kowloon City North,Sai Kung and Hang Hau,0.1980864765650134,103,11.219417475728157
Southern District Southeast,Western,0.19799044906919017,238,12.580672268907565
Sha Tin West,Yau Tsim Mong North,0.19798487372152485,33,10.724242424242423
Tuen Mun West,Tin Shui Wai South and Ping Ha,0.19770854116067196,14,25.25714285714286
Wong Tai Sin West,Tseung Kwan O South,0.1976397585646811,40,9.860000000000001
Southern District Northwest,Wan Chai,0.1970474209270262,266,11.150751879699248
Tuen Mun West,Kwun Tong North,0.1968364288528984,1121,23.869937555753793
Kowloon City North,Kwun Tong Central,0.1965321575634666,127,9.30787401574803
Kowloon City North,Southern District Northwest,0.19594289585786331,28,17.892857142857142
Sham Shui Po East,Tseung Kwan O North,0.1957466383443818,43,12.923255813953489
Yau Tsim Mong North,Tseung Kwan O South,0.19570634106664514,28,11.110714285714286
Yau Tsim Mong North,Islands,0.1955069065284684,72,22.525
Kwun Tong West,Kwun Tong Southeast,0.19537167521982082,109,8.487155963302753
Tai Pak,Kwun Tong Central,0.1949149173165115,20,15.015
Tuen Mun West,Tsing Yi,0.19489297086160814,267,18.276404494382025
Wan Chai,Wan Chai,0.19477433575102585,998,8.020841683366733
Kwun Tong Central,Kwun Tong North,0.19431410170240174,93,6.602150537634409
Central,Yau Tsim Mong South,0.19377504055738076,122,19.47622950819672
Tuen Mun East,Kowloon City North,0.1935014852465363,9,10.577777777777778
Yau Tsim Mong South,Kwun Tong West,0.19325246979439595,189,10.267195767195767
Wong Tai Sin West,Kwun Tong North,0.1932277690747927,65,9.052307692307693
Wong Tai Sin West,Kwun Tong Central,0.1927592095712758,110,8.44
Wong Tai Sin West,Kwun Tong Southeast,0.19214578954088926,32,8.76875
Tuen Mun East,Tin Shui Wai South and Ping Ha,0.19212377867230304,116,8.207758620689656
Sha Tin East,Tseung Kwan O North,0.19176525300861602,15,11.266666666666667
Tai Po South,Sha Tin East,0.19146669455808774,35,12.92
Kowloon City South,Kowloon City North,0.1912965470598299,203,8.266995073891627
Sai Kung and Hang Hau,Sha Tin East,0.191275302896242,37,16.089189189189188
Sha Tin West,Southern District Northwest,0.19104187132126846,7,25.25714285714286
Kwun Tong Southeast,Tai Po South,0.19055791537271002,10,14.190000000000001
Sha Tin South,Sha Tin West,0.19055634888923348,167,8.20059880239521
Sham Shui Po East,Sham Shui Po East,0.1905138056673427,82,7.589024390243902
Yau Tsim Mong North,Kowloon City South,0.19047201374860137,67,7.049253731343284
Kwun Tong North,Sai Kung and Hang Hau,0.19038414761334416,239,9.47949790794979
Wong Tai Sin West,Wong Tai Sin West,0.19005123314602387,100,6.952999999999999
Kowloon City South,Southern District Northwest,0.18961603008492817,13,18.907692307692308
Wong Tai Sin East,Kwun Tong Central,0.1895746529084508,303,8.008250825082508
Kwun Tong Central,Sai Kung and Hang Hau,0.1893313389734762,149,9.469127516778524
Tuen Mun West,Sha Tin East,0.18929342382570974,339,22.732743362831858
Yau Tsim Mong South,Tai Po North,0.18755974698750644,52,16.75
Sha Tin South,Islands,0.18742199150169536,41,19.178048780487803
Hong Wan,Hong Wan,0.18730509563516104,352,7.617045454545454
Tai Po South,Kwun Tong Southeast,0.1868657226799888,8,14.475
Tseung Kwan O South,Kowloon City South,0.18622075780326822,26,11.942307692307692
Kwun Tong West,Kwun Tong North,0.18618392400030728,159,7.623270440251572
Kowloon City North,Kwun Tong North,0.1861108318986033,153,9.116993464052289
Kwai Chung West,Sham Shui Po East,0.18599529458161784,80,9.348749999999999
Tuen Mun West,Kowloon City South,0.18570450898468951,960,16.977812500000002
Wan Chai,Kowloon City North,0.18563516785507836,100,15.818
Kowloon City North,Tseung Kwan O South,0.18539030681675991,44,11.668181818181818
Tsuen Wan Southeast,Tseung Kwan O North,0.18528485980228643,17,14.194117647058825
Kowloon City South,Tseung Kwan O South,0.1847785913973511,30,11.646666666666668
Wan Chai,Kwun Tong Southeast,0.18471680783785252,105,16.017142857142858
Western,Central,0.1841420708698119,445,7.448539325842696
Tsuen Wan Northwest,Wong Tai Sin West,0.18386739502643026,9,21.022222222222222
Western,Western,0.1837163510875197,294,8.137074829931974
Tsuen Wan Northwest,Wan Chai,0.18342322801240332,45,28.917777777777776
Tsuen Wan Northwest,Sha Tin West,0.1824030994924447,48,16.439583333333335
Yau Tsim Mong North,Wong Tai Sin East,0.18238964698833865,29,7.517241379310345
Tsuen Wan Northwest,Tai Po North,0.18209942248925165,14,24.385714285714283
Hong Wan,Central,0.18175666949576733,152,9.89407894736842
Kowloon City South,Southern District Southeast,0.18050137528558577,16,17.3625
Tin Shui Wai South and Ping Ha,Tuen Mun West,0.18047741692376654,25,22.296
Sai Kung and Hang Hau,Tai Po South,0.18002219162626246,14,13.578571428571431
Sham Shui Po East,Tseung Kwan O South,0.17924542251577294,40,8.5825
Sham Shui Po East,Wong Tai Sin East,0.17898380703798022,137,8.28029197080292
Tuen Mun North,Tsuen Wan Northwest,0.17840701573655662,56,8.741071428571429
Kwun Tong Central,Kwun Tong Central,0.17833375370899332,146,7.034246575342466
Kwun Tong North,Central,0.1781020093169555,28,15.025
Kwun Tong Southeast,Sha Tin North,0.17808982603863924,18,15.166666666666666
Wong Tai Sin East,Sha Tin West,0.17789856762226566,19,9.43157894736842
Wong Tai Sin West,Kwun Tong West,0.17748057915579485,84,7.641666666666667
Sham Shui Po East,Tsing Yi,0.17737386857806495,41,10.600000000000001
Sham Shui Po West,Tsing Yi,0.17736123723945255,60,10.07
Kwai Chung East,Tseung Kwan O North,0.17664340284814967,15,14.546666666666665
Yau Tsim Mong South,Kwun Tong Central,0.1764252753904751,89,9.832584269662922
Wan Chai,Tsuen Wan Northwest,0.17618015631745232,49,28.13877551020408
Tai Pak,Hong Wan,0.17603644992699427,500,6.605600000000001
Kowloon City North,Tai Po South,0.17603484656526514,26,14.680769230769231
Wong Tai Sin West,Sha Tin West,0.17522617805026444,7,9.142857142857142
Tai Po North,Yau Tsim Mong South,0.1747072367691421,45,14.128888888888888
Tuen Mun North,Yuen Long Rural East,0.17426137057089486,30,7.256666666666666
Tuen Mun West,Tsuen Wan Northwest,0.1742039266813171,24,8.991666666666667
Tseung Kwan O North,Kowloon City South,0.17405112937307826,42,7.759523809523809
Tin Shui Wai South and Ping Ha,Kwai Chung West,0.17343206658104335,11,9.918181818181818
Tuen Mun North,Islands,0.1733914581703101,79,16.520253164556962
Yau Tsim Mong South,Tuen Mun North,0.17279787487429804,55,21.081818181818182
Central,Central,0.17208700295944435,802,9.11645885286783
Wong Tai Sin West,Tseung Kwan O North,0.1720458166892795,26,11.915384615384616
Tsuen Wan Southeast,Tuen Mun East,0.17134213154623804,33,10.633333333333333
Sha Tin East,Kwun Tong West,0.17116746489433,36,9.666666666666666
Wong Tai Sin East,Sham Shui Po West,0.17100990204921454,31,7.480645161290322
Hong Wan,Kwun Tong Southeast,0.1703974932490534,36,13.033333333333333
Hong Wan,Southern District Southeast,0.17039003477685843,288,5.838541666666667
Wong Tai Sin East,Tsuen Wan Northwest,0.17034663664522653,16,19.23125
Tai Po North,Tsing Yi,0.17003135879928494,1988,23.045774647887324
Wan Chai,Kwun Tong North,0.1698936236937569,50,14.606
Wong Tai Sin West,Yau Tsim Mong North,0.16983934949289384,25,9.604
Yau Tsim Mong South,Islands,0.16974558613868887,92,21.925
Tin Shui Wai South and Ping Ha,Kowloon City South,0.1696779098715331,8,7.0625
Yau Tsim Mong South,Kwai Chung West,0.1692410104420829,59,12.266101694915255
Kowloon City North,Wong Tai Sin West,0.16915675092841057,236,7.609322033898305
Sham Shui Po East,Kowloon City North,0.16858437559652847,107,7.257009345794392
Tai Po North,Kwai Chung East,0.167692276086397,54,16.146296296296295
Southern District Southeast,Tai Pak,0.16734387320989227,225,9.233333333333333
Kwun Tong North,Tseung Kwan O South,0.16729034056952438,63,9.192063492063493
Tsuen Wan Northwest,Tseung Kwan O South,0.16709283938001376,15,21.540000000000003
Sha Tin South,Sha Tin North,0.16703247076927952,62,11.208064516129031
Tseung Kwan O South,Kowloon City North,0.16695473380196638,58,10.85344827586207
Sham Shui Po East,Kwun Tong West,0.16641999482027173,76,8.413157894736841
Wan Chai,Sha Tin South,0.1663962229633502,61,24.24590163934426
Yuen Long Rural East,Sham Shui Po West,0.16623770403825552,17,13.341176470588234
Kwun Tong Central,Kowloon City North,0.16582219551632613,149,8.280536912751678
Yau Tsim Mong North,Tuen Mun North,0.165719498322614,32,18.759375
Kowloon City South,Tai Po North,0.1655755198982356,18,13.394444444444444
Sha Tin West,Islands,0.16553029992289187,41,20.092682926829266
Kwun Tong North,Wan Chai,0.1647203630031267,37,14.640540540540542
Yau Tsim Mong North,Tai Po South,0.16377547190800826,31,14.2
Yuen Long Town Centre,Tuen Mun West,0.16322747573585325,13,21.10769230769231
Kwai Chung East,Kwai Chung West,0.16298580484756517,192,7.416666666666667
Islands,Yuen Long Town Centre,0.1627175687951176,49,18.722448979591835
Kwun Tong West,Sai Kung and Hang Hau,0.1627115044764624,71,9.992957746478874
Yuen Long Rural East,Wu Tip Shan,0.16256171724278592,29,16.489655172413794
Yau Tsim Mong South,Tai Pak,0.16235659641440647,98,13.986734693877551
Kowloon City South,Sai Kung and Hang Hau,0.16228058810280313,34,11.841176470588236
Central,Kwun Tong Southeast,0.16184106824536035,76,15.689473684210528
Yau Tsim Mong South,Tuen Mun East,0.16166711217370813,76,19.43421052631579
Yuen Long Rural East,Tsing Yi,0.16130767993159267,8,12.137500000000001
Southern District Southeast,Sha Tin South,0.16125718935065347,26,25.1
Sha Tin East,Islands,0.16006986751305377,25,24.344
Islands,Tuen Mun West,0.16006776042704626,64,16.659375
Kowloon City South,Tai Po South,0.15998016211967567,13,18.907692307692308
Wu Tip Shan,Yau Tsim Mong North,0.15976832605342814,45,13.235555555555557
Sha Tin West,Tseung Kwan O North,0.1591380244011035,6,11.450000000000001
Sha Tin West,Kwai Chung East,0.1589924033799046,67,12.032835820895523
Yau Tsim Mong North,Kwun Tong North,0.1582954827852714,56,9.366071428571429
Kwun Tong West,Sha Tin West,0.1581868501372395,33,11.60909090909091
Wan Chai,Western,0.15804637076789063,147,6.5
Tsuen Wan Northwest,Tseung Kwan O North,0.15800212132863714,18,19.566666666666666
Yau Tsim Mong North,Tai Po North,0.1579355394205987,27,15.47777777777778
Sha Tin East,Kwun Tong Central,0.15793305065017452,80,10.155
Tseung Kwan O North,Sha Tin East,0.15732418359854486,12,10.566666666666666
Kwun Tong West,Kowloon City South,0.15717994453536294,88,7.867045454545454
Wan Chai,Kwun Tong Central,0.15713112240163515,57,14.461403508771928
Yau Tsim Mong South,Tsuen Wan Northwest,0.1570471253212728,55,17.694545454545455
Kwun Tong Southeast,Sha Tin East,0.15654141393606386,18,14.350000000000001
Yuen Long Rural East,Tsuen Wan Southeast,0.15652705657243646,12,10.483333333333333
Yau Tsim Mong North,Sha Tin North,0.15593699092597235,25,14.8
Tuen Mun West,Sai Kung and Hang Hau,0.15554184374565172,507,25.32445759368836
Kwun Tong Central,Sha Tin West,0.15550121213035573,36,10.666666666666666
Central,Kwai Chung West,0.15544224646353938,42,22.552380952380954
Tuen Mun North,Kwun Tong North,0.15494172290738234,1453,24.334273916035787
Hong Wan,Southern District Northwest,0.15400783235470017,30,11.2
Kwun Tong West,Kwun Tong West,0.15387042130816367,166,7.769879518072289
Kwun Tong Central,Sham Shui Po West,0.15365573742654157,20,8.725
Sham Shui Po East,Sha Tin West,0.15355875992703882,61,9.891803278688524
Kowloon City North,Kowloon City North,0.1534016629732777,433,7.397228637413395
Sha Tin West,Sham Shui Po West,0.1533391601167006,57,10.649122807017545
Tuen Mun West,Sham Shui Po West,0.15286223789410303,16,6.64375
Central,Western,0.15275791806029437,149,7.1986577181208045
Tsuen Wan Northwest,Yau Tsim Mong South,0.15146296184744873,90,16.038888888888888
Sham Shui Po West,Kwai Chung East,0.15145249184612822,64,7.35625
Tai Pak,Kwun Tong North,0.15120209889712957,47,13.365957446808512
Sham Shui Po West,Kwun Tong North,0.15036638917321055,25,9.496
Wong Tai Sin West,Sham Shui Po East,0.15019814664464276,55,8.396363636363636
Tai Po North,Wu Tip Shan,0.14958709245378765,67,11.029850746268657
Wan Chai,Tuen Mun East,0.1494880395526641,190,27.437894736842104
Sham Shui Po East,Kowloon City South,0.14946531380649572,52,6.507692307692308
Sham Shui Po East,Sai Kung and Hang Hau,0.14936853850367568,68,10.819117647058825
Tai Po North,Kwun Tong Central,0.14931867662608464,61,14.704918032786885
Yau Tsim Mong North,Sai Kung and Hang Hau,0.14912024080501665,57,10.882456140350877
Tai Po North,Wong Tai Sin East,0.1486183857999058,18,16.105555555555554
Tsuen Wan Southeast,Kwai Chung West,0.14799047391629896,121,7.481818181818182
Kwai Chung West,Central,0.1479564162171477,28,22.12142857142857
Yuen Long Rural East,Yau Tsim Mong South,0.14794253774660723,34,20.591176470588238
Tai Pak,Yau Tsim Mong South,0.1476176602803314,54,15.653703703703703
Yau Tsim Mong North,Tsuen Wan Northwest,0.14690630446230757,34,14.726470588235294
Sha Tin North,Sha Tin South,0.14678935482616376,64,13.9921875
Yau Tsim Mong South,Wan Chai,0.1465911760883876,128,13.34453125
Sai Kung and Hang Hau,Wong Tai Sin West,0.14653689142195458,41,13.209756097560977
Tsuen Wan Northwest,Central,0.1460191896516557,60,24.745
Tseung Kwan O South,Sham Shui Po West,0.14578911079573287,18,9.022222222222222
Tsuen Wan Northwest,Sham Shui Po East,0.14559548408925935,69,13.894202898550724
Central,Tuen Mun East,0.14521039571143118,234,27.085897435897436
Tuen Mun East,Central,0.14495813495121745,167,27.25449101796407
Kowloon City South,Kwun Tong North,0.14488524669019656,66,9.562121212121212
Tai Po South,Sha Tin North,0.1447407832868837,24,8.7125
Sha Tin West,Central,0.14444004934463717,19,16.778947368421054
Kwun Tong Central,Kwun Tong Southeast,0.14430792110616478,157,7.241401273885351
Tuen Mun East,Wan Chai,0.1441579410036932,209,26.79952153110048
Southern District Northwest,Kowloon City South,0.14398650190700987,21,20.952380952380953
Tuen Mun North,Southern District Northwest,0.14365493471665683,56,23.010714285714283
Sham Shui Po West,Wong Tai Sin West,0.14330044910481227,64,7.50625
Tai Pak,Kwun Tong West,0.1430209912208767,22,13.104545454545455
Yuen Long Rural East,Islands,0.14301226418210186,64,18.228125000000002
Kwai Chung West,Sai Kung and Hang Hau,0.1429260306773929,10,14.77
Kwun Tong North,Tai Pak,0.14257434702819624,46,13.85
Islands,Tuen Mun North,0.14186162263105195,53,17.039622641509435
Tuen Mun West,Kwun Tong West,0.1418470370010254,29,19.155172413793103
Tsuen Wan Northwest,Sha Tin East,0.1413437128094418,18,23.177777777777777
Sham Shui Po East,Wong Tai Sin West,0.1408803340697612,88,7.770454545454545
Sha Tin East,Wong Tai Sin East,0.140575972203387,48,8.122916666666667
Central,Tuen Mun West,0.14034737871910177,49,25.875510204081635
Tin Shui Wai South and Ping Ha,Tsuen Wan Northwest,0.1401015678438805,107,10.577570093457943
Wan Chai,Kwun Tong West,0.14005802226712058,47,14.040425531914893
Kwun Tong North,Kowloon City North,0.13919243003943635,112,8.596428571428572
Kwun Tong North,Yau Tsim Mong North,0.1390688151989342,67,8.697014925373136
Yuen Long Rural East,Yuen Long Town Centre,0.13825514902562575,524,8.729580152671756
Wong Tai Sin East,Sha Tin East,0.1381776595805704,37,8.74054054054054
Tuen Mun East,Yuen Long Town Centre,0.1379966968957611,32,7.978125
Sha Tin South,Tsuen Wan Southeast,0.13791958739848859,15,13.486666666666668
Sha Tin South,Sham Shui Po East,0.1378096590518584,75,6.965333333333333
Tin Shui Wai South and Ping Ha,Southern District Northwest,0.137519066874697,294,26.761904761904763
Tai Po South,Yau Tsim Mong South,0.13723419245785523,52,16.159615384615385
Tuen Mun West,Islands,0.136929115777152,120,15.3525
Tuen Mun East,Wong Tai Sin East,0.1365289584464095,55,18.26909090909091
Sham Shui Po East,Kwun Tong Southeast,0.13642855072733698,66,8.493939393939394
Hong Wan,Yau Tsim Mong South,0.13641718472171238,77,13.807792207792208
Central,Kwun Tong Central,0.13638059666068122,37,15.764864864864867
Yau Tsim Mong North,Tai Pak,0.13612472286364058,31,14.796774193548387
Tai Po North,Kwai Chung West,0.13596695561618394,13,15.299999999999999
Sha Tin West,Tsuen Wan Southeast,0.13593158239514716,28,13.060714285714285
Kowloon City North,Yau Tsim Mong North,0.1359189397460769,163,7.860122699386503
Southern District Northwest,Sha Tin West,0.13560838091395694,10,22.880000000000003
Southern District Northwest,Kwun Tong Southeast,0.13550382677317593,2906,24.806090846524434
Tai Pak,Chai Wan,0.13530513799331628,630,6.777936507936508
Yuen Long Rural East,Central,0.13522639544927342,36,25.200000000000003
Yau Tsim Mong South,Wu Tip Shan,0.13521622612097942,67,19.134328358208954
Tsing Yi,Yau Tsim Mong North,0.13516137938173764,48,9.539583333333333
Tsuen Wan Northwest,Wu Tip Shan,0.13457903359113524,6,29.899999999999995
Kowloon City North,Wu Tip Shan,0.13389287709540038,27,22.696296296296296
Yuen Long Rural East,Yuen Long Rural East,0.1338142496300777,1477,8.392755585646581
Yuen Long Town Centre,Islands,0.13343407813134409,55,18.341818181818184
Kowloon City North,Sham Shui Po West,0.13286760239786272,59,7.661016949152542
Central,Tsuen Wan Northwest,0.13227929164266444,59,26.15084745762712
Kwun Tong West,Sham Shui Po West,0.13213810793575193,46,8.404347826086957
Kwun Tong Southeast,Tseung Kwan O North,0.13191394583977611,9,9.7
Wan Chai,Hong Wan,0.1318326997957739,229,7.539737991266375
Tsuen Wan Northwest,Kwun Tong Southeast,0.13161306628122188,11,19.481818181818184
Kwun Tong Central,Tai Po South,0.13107624347418403,33,14.175757575757574
Tsuen Wan Northwest,Wong Tai Sin East,0.13068287227946662,36,18.36388888888889
Kwun Tong Southeast,Tseung Kwan O South,0.13058902753715063,6,10.333333333333334
Wong Tai Sin East,Kwai Chung West,0.1301943260265136,27,11.025925925925925
Tai Po North,Kowloon City South,0.12998427421467532,16,12.80625
Kwai Chung East,Sai Kung and Hang Hau,0.12991802005762276,41,14.570731707317073
Sham Shui Po East,Tsuen Wan Northwest,0.1298035860334417,44,14.55909090909091
Kowloon City North,Sham Shui Po East,0.12973320885265205,78,7.101282051282051
Southern District Northwest,Central,0.1293044959144451,718,8.759610027855153
Yuen Long Rural East,Tsuen Wan Northwest,0.12921564692883553,58,10.941379310344828
Tseung Kwan O South,Tsuen Wan Southeast,0.12909985789840167,8,12.8875
Tai Po South,Kowloon City North,0.12891665828334034,29,14.182758620689656
