Origin Station,Origin X_coord,Origin Y_coord,Destination Station,Destination X_coord,Destination Y_coord,Distance (km)
AsiaWorld-Expo,22.321997,113.942219,Airport,22.315893,113.936615,1.136603109692529
Airport,22.315893,113.936615,AsiaWorld-Expo,22.321997,113.942219,1.136603109692529
Airport,22.315893,113.936615,Tsing Yi,22.358341,114.107421,22.337747986922476
Tsing Yi,22.358341,114.107421,Airport,22.315893,113.936615,22.337747986922476
Tsing Yi,22.358341,114.107421,Kowloon,22.304912,114.161649,8.852846147306575
Kowloon,22.304912,114.161649,Tsing Yi,22.358341,114.107421,8.852846147306575
Kowloon,22.304912,114.161649,Hong Kong,22.285016,114.158366,2.581828122425334
Hong Kong,22.285016,114.158366,Kowloon,22.304912,114.161649,2.581828122425334
Sunny Bay,22.331688,114.029022,Disneyland Resort,22.315538,114.045,3.071840963022748
Disneyland Resort,22.315538,114.045,Sunny Bay,22.331688,114.029022,3.071840963022748
Admiralty,22.278533,114.16621,Exhibition Centre,22.281623,114.176349,1.1580429426822023
Exhibition Centre,22.281623,114.176349,Admiralty,22.278533,114.16621,1.1580429426822023
Exhibition Centre,22.281623,114.176349,Hung Hom,22.302676,114.182201,3.014175139203221
Hung Hom,22.302676,114.182201,Exhibition Centre,22.281623,114.176349,3.014175139203221
Hung Hom,22.302676,114.182201,Mong Kok East,22.321714,114.172565,2.4113100770394573
Mong Kok East,22.321714,114.172565,Hung Hom,22.302676,114.182201,2.4113100770394573
Mong Kok East,22.321714,114.172565,Kowloon Tong,22.337004,114.175851,1.798918658563767
Kowloon Tong,22.337004,114.175851,Mong Kok East,22.321714,114.172565,1.798918658563767
Kowloon Tong,22.337004,114.175851,Tai Wai,22.373104,114.178519,4.419717541399694
Tai Wai,22.373104,114.178519,Kowloon Tong,22.337004,114.175851,4.419717541399694
Tai Wai,22.373104,114.178519,Sha Tin,22.382755,114.187615,1.4337243578384495
Sha Tin,22.382755,114.187615,Tai Wai,22.373104,114.178519,1.4337243578384495
Sha Tin,22.382755,114.187615,Fo Tan,22.395403,114.198331,1.792051134026882
Fo Tan,22.395403,114.198331,Sha Tin,22.382755,114.187615,1.792051134026882
Fo Tan,22.395403,114.198331,University,22.413388,114.210033,2.576015331482579
University,22.413388,114.210033,Fo Tan,22.395403,114.198331,2.576015331482579
University,22.413388,114.210033,Tai Po Market,22.444651,114.170681,6.338725617909037
Tai Po Market,22.444651,114.170681,University,22.413388,114.210033,6.338725617909037
Tai Po Market,22.444651,114.170681,Tai Wo,22.450975,114.161215,1.2654671665377344
Tai Wo,22.450975,114.161215,Tai Po Market,22.444651,114.170681,1.2654671665377344
Tai Wo,22.450975,114.161215,Fanling,22.492057,114.138686,6.161131654906442
Fanling,22.492057,114.138686,Tai Wo,22.450975,114.161215,6.161131654906442
Fanling,22.492057,114.138686,Sheung Shui,22.501133,114.128067,1.4846204996980843
Sheung Shui,22.501133,114.128067,Fanling,22.492057,114.138686,1.4846204996980843
Sheung Shui,22.501133,114.128067,Lok Ma Chau,22.51444,114.06568,7.374371559144695
Lok Ma Chau,22.51444,114.06568,Sheung Shui,22.501133,114.128067,7.374371559144695
Admiralty,22.278533,114.16621,Exhibition Centre,22.281623,114.176349,1.1580429426822023
Exhibition Centre,22.281623,114.176349,Admiralty,22.278533,114.16621,1.1580429426822023
Admiralty,22.278533,114.16621,Exhibition Centre,22.281623,114.176349,1.1580429426822023
Exhibition Centre,22.281623,114.176349,Admiralty,22.278533,114.16621,1.1580429426822023
Exhibition Centre,22.281623,114.176349,Hung Hom,22.302676,114.182201,3.014175139203221
Hung Hom,22.302676,114.182201,Exhibition Centre,22.281623,114.176349,3.014175139203221
Kennedy Town,22.281264,114.128442,HKU,22.284106,114.135493,0.8173435028413785
HKU,22.284106,114.135493,Kennedy Town,22.281264,114.128442,0.8173435028413785
HKU,22.284106,114.135493,Sai Ying Pun,22.285545,114.142687,0.8180619726589814
Sai Ying Pun,22.285545,114.142687,HKU,22.284106,114.135493,0.8180619726589814
Sai Ying Pun,22.285545,114.142687,Sheung Wan,22.28658,114.152073,1.0773824187247507
Sheung Wan,22.28658,114.152073,Sai Ying Pun,22.285545,114.142687,1.0773824187247507
Sheung Wan,22.28658,114.152073,Central,22.281824,114.157863,0.8210345848654096
Central,22.281824,114.157863,Sheung Wan,22.28658,114.152073,0.8210345848654096
Central,22.281824,114.157863,Admiralty,22.27923,114.164838,0.7974796957657277
Admiralty,22.27923,114.164838,Central,22.281824,114.157863,0.7974796957657277
Admiralty,22.27923,114.164838,Wan Chai,22.277556,114.172964,0.8775834577369999
Wan Chai,22.277556,114.172964,Admiralty,22.27923,114.164838,0.8775834577369999
Wan Chai,22.277556,114.172964,Causeway Bay,22.280102,114.184015,1.1821992018019556
Causeway Bay,22.280102,114.184015,Wan Chai,22.277556,114.172964,1.1821992018019556
Causeway Bay,22.280102,114.184015,Tin Hau,22.282194,114.192031,0.881303410524434
Tin Hau,22.282194,114.192031,Causeway Bay,22.280102,114.184015,0.881303410524434
Tin Hau,22.282194,114.192031,Fortress Hill,22.287597,114.193205,0.6217236188698454
Fortress Hill,22.287597,114.193205,Tin Hau,22.282194,114.192031,0.6217236188698454
Fortress Hill,22.287597,114.193205,North Point,22.291201,114.200764,0.9216865393334374
North Point,22.291201,114.200764,Fortress Hill,22.287597,114.193205,0.9216865393334374
North Point,22.291201,114.200764,Quarry Bay,22.288236,114.209037,1.001598596175049
Quarry Bay,22.288236,114.209037,North Point,22.291201,114.200764,1.001598596175049
Quarry Bay,22.288236,114.209037,Tai Koo,22.284609,114.216343,0.9372741300025746
Tai Koo,22.284609,114.216343,Quarry Bay,22.288236,114.209037,0.9372741300025746
Tai Koo,22.284609,114.216343,Sai Wan Ho,22.281626,114.222281,0.7535250151688853
Sai Wan Ho,22.281626,114.222281,Tai Koo,22.284609,114.216343,0.7535250151688853
Sai Wan Ho,22.281626,114.222281,Shau Kei Wan,22.279163,114.22867,0.7228025102833412
Shau Kei Wan,22.279163,114.22867,Sai Wan Ho,22.281626,114.222281,0.7228025102833412
Shau Kei Wan,22.279163,114.22867,Heng Fa Chuen,22.276665,114.239787,1.3045147854936985
Heng Fa Chuen,22.276665,114.239787,Shau Kei Wan,22.279163,114.22867,1.3045147854936985
Heng Fa Chuen,22.276665,114.239787,Chai Wan,22.264546,114.237176,1.484158997674604
Chai Wan,22.264546,114.237176,Heng Fa Chuen,22.276665,114.239787,1.484158997674604
Whampoa,22.304999,114.189492,Ho Man Tin,22.309408,114.18249,0.8714353747459221
Ho Man Tin,22.309408,114.18249,Whampoa,22.304999,114.189492,0.8714353747459221
Ho Man Tin,22.309408,114.18249,Yau Ma Tei,22.313069,114.170748,1.822263445633278
Yau Ma Tei,22.313069,114.170748,Ho Man Tin,22.309408,114.18249,1.822263445633278
Yau Ma Tei,22.313069,114.170748,Mong Kok,22.319262,114.169449,0.6987403887416521
Mong Kok,22.319262,114.169449,Yau Ma Tei,22.313069,114.170748,0.6987403887416521
Mong Kok,22.319262,114.169449,Prince Edward,22.323961,114.168471,0.5303116744496562
Prince Edward,22.323961,114.168471,Mong Kok,22.319262,114.169449,0.5303116744496562
Prince Edward,22.323961,114.168471,Shek Kip Mei,22.331807,114.168733,0.8809311262304707
Shek Kip Mei,22.331807,114.168733,Prince Edward,22.323961,114.168471,0.8809311262304707
Shek Kip Mei,22.331807,114.168733,Kowloon Tong,22.336867,114.177541,1.2998272833511904
Kowloon Tong,22.336867,114.177541,Shek Kip Mei,22.331807,114.168733,1.2998272833511904
Kowloon Tong,22.336867,114.177541,Lok Fu,22.338261,114.187566,1.0595786163421976
Lok Fu,22.338261,114.187566,Kowloon Tong,22.336867,114.177541,1.0595786163421976
Lok Fu,22.338261,114.187566,Wong Tai Sin,22.341709,114.194331,0.8454900764645966
Wong Tai Sin,22.341709,114.194331,Lok Fu,22.338261,114.187566,0.8454900764645966
Wong Tai Sin,22.341709,114.194331,Diamond Hill,22.340088,114.201642,0.7943214758483967
Diamond Hill,22.340088,114.201642,Wong Tai Sin,22.341709,114.194331,0.7943214758483967
Diamond Hill,22.340088,114.201642,Choi Hung,22.334658,114.209579,1.0165201945804214
Choi Hung,22.334658,114.209579,Diamond Hill,22.340088,114.201642,1.0165201945804214
Choi Hung,22.334658,114.209579,Kowloon Bay,22.323311,114.214194,1.4018440445477591
Kowloon Bay,22.323311,114.214194,Choi Hung,22.334658,114.209579,1.4018440445477591
Kowloon Bay,22.323311,114.214194,Ngau Tau Kok,22.315458,114.219263,1.15353290182902
Ngau Tau Kok,22.315458,114.219263,Kowloon Bay,22.323311,114.214194,1.15353290182902
Ngau Tau Kok,22.315458,114.219263,Kwun Tong,22.312173,114.226636,0.8455035439810266
Kwun Tong,22.312173,114.226636,Ngau Tau Kok,22.315458,114.219263,0.8455035439810266
Kwun Tong,22.312173,114.226636,Lam Tin,22.306754,114.233015,0.9002456868757767
Lam Tin,22.306754,114.233015,Kwun Tong,22.312173,114.226636,0.9002456868757767
Lam Tin,22.306754,114.233015,Yau Tong,22.297851,114.237233,1.0969873473793774
Yau Tong,22.297851,114.237233,Lam Tin,22.306754,114.233015,1.0969873473793774
Yau Tong,22.297851,114.237233,Tiu Keng Leng,22.304016,114.252418,2.1419577292648353
Tiu Keng Leng,22.304016,114.252418,Yau Tong,22.297851,114.237233,2.1419577292648353
Admiralty,22.278132,114.165934,Ocean Park,22.248652,114.174384,3.881588351629497
Ocean Park,22.248652,114.174384,Admiralty,22.278132,114.165934,3.881588351629497
Ocean Park,22.248652,114.174384,Wong Chuk Hang,22.247872,114.167946,0.6805319925330773
Wong Chuk Hang,22.247872,114.167946,Ocean Park,22.248652,114.174384,0.6805319925330773
Wong Chuk Hang,22.247872,114.167946,Lei Tung,22.242025,114.156277,1.4420550051654892
Lei Tung,22.242025,114.156277,Wong Chuk Hang,22.247872,114.167946,1.4420550051654892
Lei Tung,22.242025,114.156277,South Horizons,22.242231,114.149175,0.8910304285891837
South Horizons,22.242231,114.149175,Lei Tung,22.242025,114.156277,0.8910304285891837
North Point,22.290554,114.200889,Quarry Bay,22.288262,114.208999,0.9403959195255668
Quarry Bay,22.288262,114.208999,North Point,22.290554,114.200889,0.9403959195255668
Quarry Bay,22.288262,114.208999,Yau Tong,22.297772,114.237093,3.3376076725393293
Yau Tong,22.297772,114.237093,Quarry Bay,22.288262,114.208999,3.3376076725393293
Yau Tong,22.297772,114.237093,Tiu Keng Leng,22.304106,114.252322,2.147799934292227
Tiu Keng Leng,22.304106,114.252322,Yau Tong,22.297772,114.237093,2.147799934292227
Tiu Keng Leng,22.304106,114.252322,Tseung Kwan O,22.307442,114.259945,0.8786271047718234
Tseung Kwan O,22.307442,114.259945,Tiu Keng Leng,22.304106,114.252322,0.8786271047718234
Tseung Kwan O,22.307442,114.259945,Hang Hau,22.315561,114.264422,1.2059617357325174
Hang Hau,22.315561,114.264422,Tseung Kwan O,22.307442,114.259945,1.2059617357325174
Hang Hau,22.315561,114.264422,Po Lam,22.322811,114.257755,1.0684088060294652
Po Lam,22.322811,114.257755,Hang Hau,22.315561,114.264422,1.0684088060294652
North Point,22.290554,114.200889,Quarry Bay,22.288262,114.208999,0.9403959195255668
Quarry Bay,22.288262,114.208999,North Point,22.290554,114.200889,0.9403959195255668
Central,22.281485,114.159391,Admiralty,22.279399,114.164852,0.6194189271049086
Admiralty,22.279399,114.164852,Central,22.281485,114.159391,0.6194189271049086
Admiralty,22.279399,114.164852,Tsim Sha Tsui,22.296225,114.172244,2.3200434745979095
Tsim Sha Tsui,22.296225,114.172244,Admiralty,22.279399,114.164852,2.3200434745979095
Tsim Sha Tsui,22.296225,114.172244,Jordan,22.305092,114.171616,0.9840240382104464
Jordan,22.305092,114.171616,Tsim Sha Tsui,22.296225,114.172244,0.9840240382104464
Jordan,22.305092,114.171616,Yau Ma Tei,22.313043,114.170585,0.8876207369103698
Yau Ma Tei,22.313043,114.170585,Jordan,22.305092,114.171616,0.8876207369103698
Yau Ma Tei,22.313043,114.170585,Mong Kok,22.319238,114.169309,0.6984850298064516
Mong Kok,22.319238,114.169309,Yau Ma Tei,22.313043,114.170585,0.6984850298064516
Mong Kok,22.319238,114.169309,Prince Edward,22.323934,114.168341,0.5296313444813908
Prince Edward,22.323934,114.168341,Mong Kok,22.319238,114.169309,0.5296313444813908
Prince Edward,22.323934,114.168341,Sham Shui Po,22.330593,114.162419,0.9945689906924962
Sham Shui Po,22.330593,114.162419,Prince Edward,22.323934,114.168341,0.9945689906924962
Sham Shui Po,22.330593,114.162419,Cheung Sha Wan,22.335484,114.156145,0.843263995332758
Cheung Sha Wan,22.335484,114.156145,Sham Shui Po,22.330593,114.162419,0.843263995332758
Cheung Sha Wan,22.335484,114.156145,Lai Chi Kok,22.337064,114.147768,0.9914508091816392
Lai Chi Kok,22.337064,114.147768,Cheung Sha Wan,22.335484,114.156145,0.9914508091816392
Lai Chi Kok,22.337064,114.147768,Mei Foo,22.337872,114.139154,0.936022657676724
Mei Foo,22.337872,114.139154,Lai Chi Kok,22.337064,114.147768,0.936022657676724
Mei Foo,22.337872,114.139154,Lai King,22.348333,114.126119,1.8040827258932377
Lai King,22.348333,114.126119,Mei Foo,22.337872,114.139154,1.8040827258932377
Lai King,22.348333,114.126119,Kwai Fong,22.356967,114.127924,1.095960790911268
Kwai Fong,22.356967,114.127924,Lai King,22.348333,114.126119,1.095960790911268
Kwai Fong,22.356967,114.127924,Kwai Hing,22.363024,114.131171,0.7821519850265577
Kwai Hing,22.363024,114.131171,Kwai Fong,22.356967,114.127924,0.7821519850265577
Kwai Hing,22.363024,114.131171,Tai Wo Hau,22.370687,114.124905,1.2870746873603212
Tai Wo Hau,22.370687,114.124905,Kwai Hing,22.363024,114.131171,1.2870746873603212
Tai Wo Hau,22.370687,114.124905,Tsuen Wan,22.373579,114.117829,0.8319784176390448
Tsuen Wan,22.373579,114.117829,Tai Wo Hau,22.370687,114.124905,0.8319784176390448
Wu Kai Sha,22.42922,114.243851,Ma On Shan,22.424988,114.231846,1.358152384640113
Ma On Shan,22.424988,114.231846,Wu Kai Sha,22.42922,114.243851,1.358152384640113
Ma On Shan,22.424988,114.231846,Heng On,22.417701,114.225705,1.104576677361539
Heng On,22.417701,114.225705,Ma On Shan,22.424988,114.231846,1.104576677361539
Heng On,22.417701,114.225705,Tai Shui Hang,22.408535,114.222668,1.0734952432811495
Tai Shui Hang,22.408535,114.222668,Heng On,22.417701,114.225705,1.0734952432811495
Tai Shui Hang,22.408535,114.222668,Shek Mun,22.387853,114.208456,2.8990298627761772
Shek Mun,22.387853,114.208456,Tai Shui Hang,22.408535,114.222668,2.8990298627761772
Shek Mun,22.387853,114.208456,City One,22.383089,114.203699,0.7205983386207296
City One,22.383089,114.203699,Shek Mun,22.387853,114.208456,0.7205983386207296
City One,22.383089,114.203699,Sha Tin Wai,22.377006,114.194927,1.1352129899199053
Sha Tin Wai,22.377006,114.194927,City One,22.383089,114.203699,1.1352129899199053
Sha Tin Wai,22.377006,114.194927,Che Kung Temple,22.374755,114.186228,0.9639453806754144
Che Kung Temple,22.374755,114.186228,Sha Tin Wai,22.377006,114.194927,0.9639453806754144
Che Kung Temple,22.374755,114.186228,Tai Wai,22.372757,114.178706,0.8278546374626935
Tai Wai,22.372757,114.178706,Che Kung Temple,22.374755,114.186228,0.8278546374626935
Tai Wai,22.372757,114.178706,Hin Keng,22.363795,114.170747,1.3278075840919648
Hin Keng,22.363795,114.170747,Tai Wai,22.372757,114.178706,1.3278075840919648
Hin Keng,22.363795,114.170747,Diamond Hill,22.339502,114.201136,4.412867023259994
Diamond Hill,22.339502,114.201136,Hin Keng,22.363795,114.170747,4.412867023259994
Diamond Hill,22.339502,114.201136,Kai Tak,22.330384,114.199223,1.2802916509945637
Kai Tak,22.330384,114.199223,Diamond Hill,22.339502,114.201136,1.2802916509945637
Kai Tak,22.330384,114.199223,Sung Wong Toi,22.326071,114.191469,0.9396200748548303
Sung Wong Toi,22.326071,114.191469,Kai Tak,22.330384,114.199223,0.9396200748548303
Sung Wong Toi,22.326071,114.191469,To Kwa Wan,22.317443,114.187585,1.132701931191041
To Kwa Wan,22.317443,114.187585,Sung Wong Toi,22.326071,114.191469,1.132701931191041
To Kwa Wan,22.317443,114.187585,Ho Man Tin,22.3096,114.182908,1.061110364251131
Ho Man Tin,22.3096,114.182908,To Kwa Wan,22.317443,114.187585,1.061110364251131
Ho Man Tin,22.3096,114.182908,Hung Hom,22.302733,114.182301,0.7927025527667955
Hung Hom,22.302733,114.182301,Ho Man Tin,22.3096,114.182908,0.7927025527667955
Hung Hom,22.302733,114.182301,East Tsim Sha Tsui,22.295217,114.17464,1.2034467391035086
East Tsim Sha Tsui,22.295217,114.17464,Hung Hom,22.302733,114.182301,1.2034467391035086
East Tsim Sha Tsui,22.295217,114.17464,Austin,22.304195,114.166541,1.6073849806708247
Austin,22.304195,114.166541,East Tsim Sha Tsui,22.295217,114.17464,1.6073849806708247
Austin,22.304195,114.166541,Nam Cheong,22.32663,114.153826,2.8368353949029577
Nam Cheong,22.32663,114.153826,Austin,22.304195,114.166541,2.8368353949029577
Nam Cheong,22.32663,114.153826,Mei Foo,22.33809,114.136562,2.3131239800308925
Mei Foo,22.33809,114.136562,Nam Cheong,22.32663,114.153826,2.3131239800308925
Mei Foo,22.33809,114.136562,Tsuen Wan West,22.368175,114.110143,4.441815907052097
Tsuen Wan West,22.368175,114.110143,Mei Foo,22.33809,114.136562,4.441815907052097
Tsuen Wan West,22.368175,114.110143,Kam Sheung Road,22.434694,114.063382,8.912532347179312
Kam Sheung Road,22.434694,114.063382,Tsuen Wan West,22.368175,114.110143,8.912532347179312
Kam Sheung Road,22.434694,114.063382,Yuen Long,22.44597,114.035385,3.5135957907481448
Yuen Long,22.44597,114.035385,Kam Sheung Road,22.434694,114.063382,3.5135957907481448
Yuen Long,22.44597,114.035385,Long Ping,22.447583,114.025434,1.0599106656207915
Long Ping,22.447583,114.025434,Yuen Long,22.44597,114.035385,1.0599106656207915
Long Ping,22.447583,114.025434,Tin Shui Wai,22.448352,114.005003,2.285867419247388
Tin Shui Wai,22.448352,114.005003,Long Ping,22.447583,114.025434,2.285867419247388
Tin Shui Wai,22.448352,114.005003,Siu Hong,22.411902,113.979055,4.997030310014895
Siu Hong,22.411902,113.979055,Tin Shui Wai,22.448352,114.005003,4.997030310014895
Siu Hong,22.411902,113.979055,Tuen Mun,22.395284,113.973321,1.9377540893694352
Tuen Mun,22.395284,113.973321,Siu Hong,22.411902,113.979055,1.9377540893694352
Hong Kong,22.285147,114.158455,Kowloon,22.304897,114.161696,2.5817915258708433
Kowloon,22.304897,114.161696,Hong Kong,22.285147,114.158455,2.5817915258708433
Kowloon,22.304897,114.161696,Olympic,22.317703,114.160411,1.4905526543067156
Olympic,22.317703,114.160411,Kowloon,22.304897,114.161696,1.4905526543067156
Olympic,22.317703,114.160411,Nam Cheong,22.326389,114.153686,1.1950588498017574
Nam Cheong,22.326389,114.153686,Olympic,22.317703,114.160411,1.1950588498017574
Nam Cheong,22.326389,114.153686,Lai King,22.348414,114.12604,3.9161583460202567
Lai King,22.348414,114.12604,Nam Cheong,22.326389,114.153686,3.9161583460202567
Lai King,22.348414,114.12604,Tsing Yi,22.358386,114.107431,2.266011813177794
Tsing Yi,22.358386,114.107431,Lai King,22.348414,114.12604,2.266011813177794
Tsing Yi,22.358386,114.107431,Sunny Bay,22.331931,114.028782,8.822022373034205
Sunny Bay,22.331931,114.028782,Tsing Yi,22.358386,114.107431,8.822022373034205
Sunny Bay,22.331931,114.028782,Tung Chung,22.289278,113.941322,10.491456650437344
Tung Chung,22.289278,113.941322,Sunny Bay,22.331931,114.028782,10.491456650437344
Central,,,Hong Kong,,,0.0
Hong Kong,,,Central,,,0.0
